{"cameraMode":{"drawMode":0,"name":"Shaded","section":"Shading Mode"},"sceneLighting":false,"audioPlay":false,"sceneViewState":{"showFog":true,"showMaterialUpdate":false,"showSkybox":false,"showFlares":true,"showImageEffects":true,"showParticleSystems":true,"showVisualEffectGraphs":true,"m_FxEnabled":true},"in2DMode":false,"pivot":{"x":0.00005647540092468262,"y":0.31480449438095095,"z":-0.11830264329910279},"rotation":{"x":0.15271346271038056,"y":-0.000005152900939719984,"z":-0.000003047145582968369,"w":0.9882901310920715},"size":2.3115296363830568,"orthographic":false}