{"cameraMode":{"drawMode":0,"name":"Shaded","section":"Shading Mode"},"sceneLighting":false,"audioPlay":false,"sceneViewState":{"showFog":true,"showMaterialUpdate":false,"showSkybox":false,"showFlares":true,"showImageEffects":true,"showParticleSystems":true,"showVisualEffectGraphs":true,"m_FxEnabled":true},"in2DMode":false,"pivot":{"x":-0.9019289016723633,"y":-0.10714739561080933,"z":-0.44191592931747439},"rotation":{"x":0.17855197191238404,"y":-0.3999015986919403,"z":0.07973421365022659,"w":0.8954780697822571},"size":1.8557367324829102,"orthographic":false}