{"cameraMode":{"drawMode":0,"name":"Shaded","section":"Shading Mode"},"sceneLighting":false,"audioPlay":false,"sceneViewState":{"showFog":true,"showMaterialUpdate":false,"showSkybox":false,"showFlares":true,"showImageEffects":true,"showParticleSystems":true,"showVisualEffectGraphs":true,"m_FxEnabled":true},"in2DMode":false,"pivot":{"x":1.1859999895095826,"y":0.6800000667572022,"z":-0.11830264329910279},"rotation":{"x":-0.20552143454551698,"y":0.053401898592710498,"z":-0.011232059448957444,"w":-0.9771307706832886},"size":0.8660253882408142,"orthographic":false}