{"cameraMode":{"drawMode":0,"name":"Shaded","section":"Shading Mode"},"sceneLighting":false,"audioPlay":false,"sceneViewState":{"showFog":true,"showMaterialUpdate":false,"showSkybox":false,"showFlares":true,"showImageEffects":true,"showParticleSystems":true,"showVisualEffectGraphs":true,"m_FxEnabled":true},"in2DMode":false,"pivot":{"x":-0.5002011060714722,"y":-0.7655655145645142,"z":0.12027263641357422},"rotation":{"x":-0.14142289757728578,"y":0.3501633405685425,"z":-0.053570885211229327,"w":-0.9244058132171631},"size":1.3714733123779297,"orthographic":false}